{
    "exp_name": "epi_v8_occ_p_empty_linscale_small_ad_0",
    "metrics_type": "frame 999 metrics",
    "scores": {
        "abs_diff": 0.06673048436641693,
        "abs_rel": 0.056722093373537064,
        "sq_rel": 0.008568101562559605,
        "rmse": 0.09971022605895996,
        "rmse_log": 0.10341326147317886,
        "a5": 66.76970672607422,
        "a10": 78.54000854492188,
        "a25": 89.88626098632812,
        "a0": 78.54000854492188,
        "a1": 89.88626098632812,
        "a2": 100.0,
        "a3": 100.0,
        "model_time": 135.98873901367188
    },
    "metrics_string": "abs_diff abs_rel  sq_rel   rmse     rmse_log a5       a10      a25      a0       a1       a2       a3       model_time ",
    "scores_string": "0.0667,  0.0567,  0.0086,  0.0997,  0.1034,  66.7697, 78.5400, 89.8863, 78.5400, 89.8863, 100.0000, 100.0000, 135.9887, "
}